timestamp,method,status
2026-03-02T12:55:06,w8a8,done
2026-03-02T13:06:11,w8a8,done
2026-03-02T13:09:28,w8a8,done
2026-03-02T13:11:34,w8a8,done
2026-03-02T13:15:12,w8a8,done
2026-03-02T13:16:37,mp_ptq,done
2026-03-02T13:20:04,w8a8,done
2026-03-02T13:22:18,mp_ptq,done
2026-03-02T13:25:50,w8a8,done
2026-03-02T13:27:19,mp_ptq,done
2026-03-02T13:28:47,peg_k3_perm,done
2026-03-02T13:33:27,w8a8,done
2026-03-02T13:35:41,mp_ptq,done
2026-03-02T13:37:56,peg_k3_perm,done
2026-03-02T13:40:08,percentile_ext,done
2026-03-02T15:42:04,w8a8,done
2026-03-02T15:43:35,mp_ptq,done
2026-03-02T15:45:18,peg_k3_perm,done
2026-03-02T15:46:56,percentile_ext,done
2026-03-02T15:54:47,w8a8,done
2026-03-02T15:56:46,mp_ptq,done
2026-03-02T15:58:20,peg_k3_perm,done
2026-03-02T16:00:38,percentile_ext,done
